"DESCRIPTION","DURATION IN MS","NAME","PARENT SUITE","START TIME","STATUS","STOP TIME","SUB SUITE","SUITE","TEST CLASS","TEST METHOD"
"","2281","Create user","LMS service","2026-09-20","passed","2026-09-20","Create entity","Users","",""
"","2294","Create user","LMS service","2026-09-20","passed","2026-09-20","Create entity","Users","",""
"","16","Create exercise","LMS service","2026-09-20","passed","2026-09-20","Create entity","Exercises","",""
"","12","Get exercise","LMS service","2026-09-20","passed","2026-09-20","Get entity","Exercises","",""
"","19","Delete file","LMS service","2026-09-20","passed","2026-09-20","Delete entity","Files","",""
"","2044","Create file with empty filename","LMS service","2026-09-20","passed","2026-09-20","Validate entity","Files","",""
"","2131","Create file","LMS service","2026-09-20","passed","2026-09-20","Create entity","Files","",""
"","20","Delete exercise","LMS service","2026-09-20","passed","2026-09-20","Delete entity","Exercises","",""
"","13","Get file","LMS service","2026-09-20","passed","2026-09-20","Get entity","Files","",""
"","2059","Get file with incorrect file id","LMS service","2026-09-20","passed","2026-09-20","Validate entity","Files","",""
"","2060","Get user me","LMS service","2026-09-20","passed","2026-09-20","Get entity","Users","",""
"","24","Create course","LMS service","2026-09-20","passed","2026-09-20","Create entity","Courses","",""
"","8","Get exercises","LMS service","2026-09-20","passed","2026-09-20","Get entities","Exercises","",""
"","2250","Authorization Test","LMS service","2026-09-20","passed","2026-09-20","Login","Authentication","",""
"","15","Update exercise","LMS service","2026-09-20","passed","2026-09-20","Update entity","Exercises","",""
"","19","Get courses","LMS service","2026-09-20","passed","2026-09-20","Get entities","Courses","",""
"","2073","Create file with empty directory","LMS service","2026-09-20","passed","2026-09-20","Validate entity","Files","",""
"","24","Update course","LMS service","2026-09-20","passed","2026-09-20","Update entity","Courses","",""
"","2281","Create user","LMS service","2026-09-20","passed","2026-09-20","Create entity","Users","",""
